日期,期別,號碼1,號碼2,號碼3,號碼4,號碼5,號碼6,號碼7,號碼8,號碼9,號碼10,號碼11,號碼12,號碼13,號碼14,號碼15,號碼16,號碼17,號碼18,號碼19,號碼20
2026/06/04,115031447,04,12,16,17,19,20,24,29,31,33,35,38,45,50,51,59,61,64,68,69
2026/06/04,115031446,01,04,05,07,12,14,22,23,24,34,36,37,42,43,46,56,61,64,77,78
2026/06/04,115031445,03,04,14,28,29,32,33,43,46,47,50,51,58,63,67,68,69,74,76,79
2026/06/04,115031444,02,05,09,20,21,24,33,34,35,39,45,48,49,54,62,63,65,72,73,74
2026/06/04,115031443,01,07,08,09,12,14,19,24,30,32,36,38,46,53,56,59,64,68,72,75
2026/06/04,115031442,01,14,16,17,18,21,23,33,36,43,45,50,51,64,66,72,74,75,78,79
2026/06/04,115031441,06,10,12,14,20,22,33,34,36,37,39,44,45,46,47,52,62,70,71,77
2026/06/04,115031440,02,05,08,14,18,21,23,26,30,34,35,37,41,47,57,58,61,66,71,80
2026/06/04,115031439,01,05,12,16,20,22,35,42,46,52,56,58,59,67,68,71,74,75,76,80
2026/06/04,115031438,03,07,12,21,29,32,33,34,43,47,49,56,57,59,60,62,64,67,73,79
2026/06/04,115031437,01,04,05,07,27,32,33,34,39,42,43,44,45,56,59,64,70,72,74,77
2026/06/04,115031436,04,06,10,17,18,22,27,29,34,36,37,41,42,45,47,62,63,64,69,77
2026/06/04,115031435,01,10,11,12,13,15,18,21,30,33,34,37,41,46,48,52,56,61,64,77
2026/06/04,115031434,01,06,07,11,13,24,26,35,40,47,51,53,54,56,57,58,60,66,72,73
2026/06/04,115031433,02,07,08,11,16,19,34,36,44,45,47,53,55,58,59,63,68,71,76,79
2026/06/04,115031432,03,05,08,14,15,18,30,32,37,38,43,45,48,49,52,54,57,61,76,80
2026/06/04,115031431,07,12,16,17,22,27,36,37,40,42,43,44,50,53,58,59,61,63,70,74
2026/06/04,115031430,01,04,06,08,12,20,24,25,27,28,30,36,39,46,51,56,63,67,74,76
2026/06/04,115031429,03,04,11,19,28,29,34,35,37,39,40,41,46,63,64,67,68,69,71,80
2026/06/04,115031428,03,04,05,13,16,27,29,31,33,34,35,40,45,46,50,54,63,64,70,76
2026/06/04,115031427,01,02,03,06,10,18,19,23,27,29,32,38,41,48,53,62,67,72,74,78
2026/06/04,115031426,02,06,07,10,21,28,30,34,41,42,43,44,46,49,50,55,56,69,72,77
2026/06/04,115031425,01,06,10,17,20,22,27,28,31,32,36,40,41,44,46,49,56,59,67,76
2026/06/04,115031424,13,14,18,20,25,26,27,46,47,50,51,54,56,61,65,69,70,71,74,79
2026/06/04,115031423,01,04,09,15,22,23,24,28,29,33,37,43,44,47,50,52,53,67,73,80
2026/06/04,115031422,08,11,13,16,17,23,28,29,38,42,43,50,51,53,61,65,72,75,77,79
2026/06/04,115031421,12,13,21,28,30,32,37,39,46,47,48,49,50,57,59,62,64,70,78,80
2026/06/04,115031420,01,02,07,11,12,19,20,21,27,33,37,42,50,58,59,62,71,72,73,79
2026/06/04,115031419,06,09,11,12,13,17,26,28,29,43,48,50,52,55,59,60,64,69,76,80
2026/06/04,115031418,04,11,13,14,16,18,23,27,30,31,33,34,35,46,51,55,56,63,71,73
2026/06/04,115031417,03,07,08,09,12,18,20,21,31,34,39,47,55,63,65,66,68,71,73,78
2026/06/04,115031416,01,02,05,09,17,18,23,24,25,27,37,38,39,41,48,54,57,65,66,76
2026/06/04,115031415,01,07,08,13,19,23,25,31,32,41,46,47,52,57,61,65,66,71,78,79
2026/06/04,115031414,04,10,11,25,29,32,36,37,38,40,42,47,53,55,57,67,75,77,79,80
2026/06/04,115031413,03,05,08,12,21,24,26,31,35,37,38,41,42,51,52,55,61,62,73,77
2026/06/04,115031412,03,09,12,16,20,21,24,26,30,31,32,37,43,48,51,55,60,65,73,78
2026/06/04,115031411,01,09,20,21,24,27,31,32,35,43,44,45,46,52,58,59,67,77,79,80
2026/06/04,115031410,05,06,10,13,14,16,19,21,23,30,31,50,52,54,60,66,71,74,78,80
2026/06/04,115031409,01,02,13,16,25,26,31,34,35,38,44,50,55,58,70,73,74,76,77,79
2026/06/04,115031408,01,02,09,10,13,14,15,21,24,25,27,28,35,39,41,60,61,63,64,77
2026/06/04,115031407,06,09,10,17,20,26,29,34,37,38,42,43,50,51,54,58,67,71,76,78
2026/06/04,115031406,14,15,17,18,22,24,30,35,46,47,48,56,57,60,64,65,66,70,72,74
2026/06/04,115031405,11,14,20,23,25,29,34,36,38,39,43,45,47,48,54,57,60,74,75,77
2026/06/04,115031404,01,03,07,12,13,22,24,29,33,35,38,44,45,48,54,58,65,67,70,75
2026/06/04,115031403,04,08,10,11,12,15,17,18,19,21,25,39,40,50,53,60,63,67,69,77
2026/06/04,115031402,19,21,23,24,26,29,34,36,39,40,44,45,46,47,52,56,68,69,71,79
2026/06/04,115031401,01,02,04,07,09,13,16,20,21,27,28,29,46,50,55,57,59,67,73,75
2026/06/04,115031400,16,18,22,23,25,26,32,38,43,47,48,50,51,53,60,61,62,66,69,70
2026/06/04,115031399,08,10,12,14,22,27,30,41,45,46,49,50,59,61,63,65,68,73,75,77
2026/06/04,115031398,02,04,06,08,17,20,23,33,37,38,43,44,46,47,49,50,53,59,60,73
2026/06/04,115031397,05,06,13,18,19,26,28,30,32,36,37,39,43,44,45,48,50,53,62,79
2026/06/04,115031396,02,09,17,18,19,27,28,32,33,35,36,40,43,49,50,60,64,67,75,76
2026/06/04,115031395,03,07,11,14,16,20,30,34,35,40,41,42,46,52,54,56,67,68,69,77
2026/06/04,115031394,11,17,23,24,25,27,35,38,40,46,49,51,57,58,60,63,68,69,73,74
2026/06/04,115031393,03,06,09,11,21,27,31,34,41,50,52,53,55,57,62,65,69,75,76,79
2026/06/04,115031392,02,03,05,07,10,13,14,22,23,27,28,32,42,43,51,57,64,66,70,72
2026/06/04,115031391,04,09,14,20,23,26,27,32,35,36,40,41,42,48,52,53,55,64,72,74
2026/06/04,115031390,06,07,17,20,21,22,23,31,35,44,49,51,55,60,62,63,64,68,74,78
2026/06/04,115031389,03,06,08,10,13,17,19,24,31,38,51,54,58,60,67,71,72,74,78,80
2026/06/04,115031388,02,08,12,15,16,18,28,29,30,32,44,45,48,50,52,53,67,72,75,80
2026/06/04,115031387,03,07,12,13,14,15,16,19,23,33,41,44,48,54,55,57,59,61,74,75
2026/06/04,115031386,03,04,05,08,10,14,18,19,23,25,32,34,36,39,54,56,59,62,66,71
2026/06/04,115031385,04,06,07,11,16,19,30,37,38,49,52,55,56,58,61,65,67,69,73,75
2026/06/04,115031384,03,09,16,17,18,24,27,29,31,33,50,56,57,64,67,70,72,74,78,79
2026/06/04,115031383,01,13,17,24,25,27,29,30,32,33,35,45,49,54,55,64,71,77,78,80
2026/06/04,115031382,03,04,08,12,18,20,28,30,33,35,36,41,42,48,66,68,70,74,75,78
2026/06/04,115031381,01,08,10,11,12,15,23,24,32,44,55,58,59,67,68,71,72,73,74,80
2026/06/04,115031380,06,09,12,20,21,26,27,29,31,33,34,36,40,56,61,64,67,70,72,73
2026/06/04,115031379,04,06,13,18,19,21,24,35,36,38,44,47,53,61,62,64,65,67,73,75
2026/06/04,115031378,06,08,09,13,16,21,23,26,27,29,35,39,40,41,54,55,57,61,63,65
2026/06/04,115031377,04,11,12,16,17,18,21,28,31,39,42,47,49,54,56,57,65,68,72,74
2026/06/04,115031376,07,08,10,19,21,22,25,29,31,47,48,51,55,56,57,59,68,71,77,79
2026/06/04,115031375,09,12,16,18,19,20,28,31,33,34,37,54,57,60,65,66,67,68,76,77
2026/06/04,115031374,04,05,09,14,26,29,33,34,36,40,44,45,48,57,59,65,70,71,75,77
2026/06/04,115031373,02,15,18,21,22,24,28,30,41,44,46,51,52,54,58,59,65,71,76,79
2026/06/04,115031372,10,12,17,22,24,25,27,28,30,35,39,40,49,50,53,60,67,69,70,73
2026/06/04,115031371,04,05,06,08,09,10,17,18,19,21,25,30,40,44,56,58,64,68,77,79
2026/06/04,115031370,01,04,05,07,08,09,11,13,14,21,22,37,43,45,50,54,58,63,67,77
2026/06/04,115031369,03,04,05,08,10,14,15,19,28,32,42,54,56,63,64,66,70,73,77,79
2026/06/04,115031368,05,06,15,17,21,25,28,32,33,34,39,46,55,56,57,59,62,66,79,80
2026/06/04,115031367,02,04,06,10,18,23,31,36,37,38,41,42,43,44,51,59,68,72,73,75
2026/06/04,115031366,05,09,10,18,24,34,39,44,54,62,63,67,68,70,71,72,74,77,78,80
2026/06/04,115031365,03,13,14,16,19,27,35,36,37,38,43,46,48,50,59,66,70,74,75,77
2026/06/04,115031364,01,03,05,09,16,27,28,30,44,48,51,52,56,59,66,67,68,71,75,76
2026/06/04,115031363,04,07,12,15,16,17,20,21,24,37,44,46,47,53,55,58,62,71,77,80
2026/06/04,115031362,05,10,15,24,25,27,28,29,32,34,38,39,45,50,60,63,67,68,79,80
2026/06/04,115031361,09,13,16,18,20,24,32,40,41,43,48,50,51,57,65,66,70,71,73,76
2026/06/04,115031360,05,06,08,11,21,24,27,28,31,32,33,37,39,46,48,55,60,66,71,77
2026/06/04,115031359,10,12,13,14,15,19,24,25,35,37,46,47,50,56,59,63,67,71,74,76
2026/06/04,115031358,01,05,07,09,12,14,20,21,34,36,39,42,49,56,64,66,68,70,78,80
2026/06/04,115031357,01,05,13,15,18,21,25,31,39,42,45,48,50,51,61,66,70,76,79,80
2026/06/04,115031356,04,05,07,11,16,22,23,24,25,34,42,43,44,48,50,52,57,65,73,76
2026/06/04,115031355,01,06,09,18,20,25,28,29,31,33,34,43,47,49,55,57,67,74,77,80
2026/06/04,115031354,09,11,14,25,26,27,29,35,37,38,43,48,51,57,58,60,62,66,73,76
2026/06/04,115031353,01,05,07,08,13,24,27,29,30,32,38,40,43,46,53,55,65,73,76,78
2026/06/04,115031352,04,07,08,14,18,19,23,26,29,31,34,36,38,41,44,50,53,56,60,71
2026/06/04,115031351,12,13,15,17,25,27,28,37,42,45,49,50,52,58,59,61,63,65,72,78
2026/06/04,115031350,02,07,09,11,20,21,25,29,30,38,39,40,45,47,52,54,61,64,66,78
2026/06/04,115031349,01,03,07,14,19,21,24,27,30,32,34,35,42,44,45,47,57,68,75,77
2026/06/04,115031348,02,03,14,15,21,27,32,34,35,38,47,48,56,57,58,59,64,69,77,79
2026/06/04,115031347,03,04,10,15,20,23,29,30,33,38,40,41,46,51,52,60,61,64,69,72
2026/06/04,115031346,10,11,16,24,25,27,28,29,34,40,41,46,48,57,66,68,73,76,78,80
2026/06/04,115031345,03,07,09,12,13,16,17,19,20,21,23,30,33,40,44,53,57,68,74,76
2026/06/04,115031344,05,07,22,24,26,28,33,35,41,42,49,50,51,53,59,61,65,67,70,71
2026/06/04,115031343,01,02,05,06,11,12,19,20,24,28,29,34,38,52,56,58,59,65,66,75
2026/06/04,115031342,02,07,10,18,19,20,29,32,38,40,48,62,65,67,68,71,75,76,79,80
2026/06/04,115031341,01,04,06,12,18,19,22,25,28,29,30,45,49,52,54,55,63,64,71,78
2026/06/04,115031340,07,10,13,16,23,25,28,30,32,34,37,45,47,50,53,56,69,70,73,78
2026/06/04,115031339,01,03,04,09,10,15,21,35,39,44,45,46,54,55,56,58,59,65,78,80
2026/06/04,115031338,08,09,12,17,18,20,21,25,26,29,31,34,37,41,53,54,68,72,74,79
2026/06/04,115031337,02,07,08,13,14,15,24,25,26,28,37,39,46,52,61,64,69,74,76,79
2026/06/04,115031336,10,12,13,16,22,27,28,30,33,34,37,38,44,49,53,61,64,72,77,78
2026/06/04,115031335,02,06,10,12,20,24,25,29,31,35,40,43,47,49,54,57,62,66,68,76
2026/06/04,115031334,03,09,14,23,26,29,32,35,37,40,44,47,54,60,62,68,73,75,78,80
2026/06/04,115031333,05,07,16,18,24,25,29,31,32,33,35,37,49,65,66,70,71,72,76,78
2026/06/04,115031332,03,04,10,12,15,23,28,31,32,33,49,58,62,63,66,67,68,74,77,79
2026/06/04,115031331,01,03,04,11,13,19,20,21,22,28,32,34,36,39,42,64,68,72,75,79
2026/06/04,115031330,03,08,16,20,27,28,32,34,36,39,44,49,50,53,55,61,62,67,69,78
2026/06/04,115031329,02,09,10,11,15,23,28,33,45,46,49,50,58,60,61,65,73,76,78,79
2026/06/04,115031328,04,05,13,19,20,24,29,31,32,34,37,39,46,49,56,63,66,67,69,80
2026/06/04,115031327,02,05,10,16,19,22,24,27,31,36,37,45,46,53,61,65,69,71,74,75
2026/06/04,115031326,03,10,15,16,23,26,30,35,43,44,45,52,58,61,65,67,69,70,72,78
2026/06/04,115031325,02,12,17,20,24,25,26,28,35,38,40,46,47,53,56,60,68,70,73,75
2026/06/04,115031324,01,05,07,08,13,18,23,24,26,29,41,45,48,55,58,62,67,70,72,76
2026/06/04,115031323,02,03,09,12,13,16,18,19,37,41,51,52,59,60,61,62,65,69,72,74
2026/06/04,115031322,03,04,16,18,19,20,21,27,32,40,42,46,48,50,52,58,61,69,71,72
2026/06/04,115031321,02,12,14,21,31,33,35,36,38,41,44,48,49,51,59,65,68,70,73,76
2026/06/04,115031320,04,05,08,16,17,18,20,22,23,25,32,36,43,44,47,66,71,76,78,79
2026/06/04,115031319,04,07,10,20,25,26,27,29,33,39,40,46,48,52,55,65,69,71,78,80
2026/06/04,115031318,02,05,08,19,22,23,25,26,31,32,35,37,38,46,50,53,54,61,66,73
2026/06/04,115031317,14,15,16,22,26,27,30,31,34,40,46,47,53,58,59,64,65,66,72,78
2026/06/04,115031316,10,13,15,20,22,24,25,28,34,36,41,43,49,50,56,57,61,65,66,74
2026/06/04,115031315,14,18,19,20,22,23,24,29,37,38,43,45,50,55,62,64,68,69,76,80
2026/06/04,115031314,11,12,14,16,17,26,29,30,35,37,39,52,54,55,63,68,69,70,72,77
2026/06/04,115031313,01,05,07,15,19,20,21,27,32,33,43,45,46,48,54,57,59,65,68,79
2026/06/04,115031312,01,03,15,26,29,30,31,32,38,42,47,48,49,52,55,58,66,68,69,75
2026/06/04,115031311,06,09,12,13,14,17,20,26,30,36,40,45,47,48,49,60,63,65,68,73
2026/06/04,115031310,10,12,14,25,29,30,31,35,38,42,46,48,50,55,56,60,66,68,74,75
2026/06/04,115031309,01,06,07,08,12,21,22,24,31,36,37,43,52,56,58,61,65,66,72,74
2026/06/04,115031308,03,13,16,24,30,31,32,33,34,35,36,39,42,43,47,59,65,71,77,78
2026/06/04,115031307,02,22,24,26,29,30,32,42,43,44,50,51,54,55,56,63,67,69,71,74
2026/06/04,115031306,07,08,18,19,24,27,28,31,37,42,45,50,51,52,58,70,71,74,75,79
2026/06/04,115031305,06,07,08,13,17,19,27,28,29,33,36,37,43,61,64,67,69,74,77,80
2026/06/04,115031304,03,10,16,18,22,23,28,31,35,39,47,49,52,53,55,58,60,66,76,78
2026/06/04,115031303,03,04,05,08,13,16,26,28,32,33,36,39,47,48,51,56,59,64,65,79
2026/06/04,115031302,01,02,07,09,10,22,28,29,30,32,35,38,40,41,44,49,56,61,71,73
2026/06/04,115031301,07,10,12,15,17,21,23,25,31,39,45,47,51,56,59,63,65,67,71,75
2026/06/04,115031300,02,03,04,14,18,20,22,23,30,38,42,52,56,58,60,62,66,70,72,79
2026/06/04,115031299,01,08,09,11,14,24,25,26,28,41,42,45,53,62,64,68,71,72,74,75
2026/06/04,115031298,03,11,12,25,30,35,36,37,42,47,49,50,54,55,61,62,66,70,74,75
2026/06/04,115031297,08,09,12,13,17,18,19,28,30,37,39,53,54,56,59,60,64,72,73,74
2026/06/04,115031296,01,06,07,15,19,29,47,52,55,56,58,60,61,64,66,67,69,74,77,78
2026/06/04,115031295,01,02,06,11,15,30,31,42,43,47,50,54,56,58,62,63,66,72,75,79
2026/06/04,115031294,13,16,22,24,25,26,27,29,32,34,37,40,41,46,48,50,65,67,72,75
2026/06/04,115031293,01,03,04,05,10,12,16,24,31,36,37,38,40,44,47,52,53,55,76,79
2026/06/04,115031292,05,07,10,13,15,17,20,35,37,41,42,50,58,61,64,66,72,74,78,80
2026/06/04,115031291,13,23,30,31,32,34,38,39,50,53,54,56,59,62,63,65,66,68,69,77
2026/06/04,115031290,02,04,05,14,15,19,25,44,47,48,49,51,52,58,63,64,70,71,77,79
2026/06/04,115031289,01,02,04,06,14,18,22,24,28,35,40,41,48,57,60,61,65,68,69,76
2026/06/04,115031288,04,06,09,11,14,16,21,22,24,32,43,48,51,52,54,56,58,75,78,79
2026/06/04,115031287,02,05,15,20,23,26,28,37,41,42,49,58,62,63,64,66,68,71,79,80
2026/06/04,115031286,01,06,10,11,18,25,27,31,34,43,45,53,54,58,61,64,75,76,77,80
2026/06/04,115031285,02,04,09,10,17,19,25,29,33,37,42,45,50,54,55,56,57,65,70,80
2026/06/04,115031284,03,08,14,17,18,23,25,26,32,40,42,44,50,58,66,67,74,76,78,79
2026/06/04,115031283,11,13,24,27,31,32,34,35,40,48,49,50,53,54,56,57,60,62,68,76
2026/06/04,115031282,14,22,29,32,35,37,38,43,45,46,47,52,55,56,58,60,70,71,74,75
2026/06/04,115031281,02,08,21,23,25,29,35,40,42,44,46,48,56,60,61,63,64,68,75,79
2026/06/04,115031280,01,05,06,07,17,18,22,25,29,30,37,39,41,43,48,56,65,73,77,79
2026/06/04,115031279,08,15,17,18,24,25,28,29,33,37,40,44,45,55,62,65,66,71,73,74
2026/06/04,115031278,01,06,07,09,12,16,19,32,40,41,42,43,44,52,60,63,64,65,78,79
2026/06/04,115031277,06,09,13,17,31,32,33,35,40,43,44,45,48,51,59,64,66,67,69,71
2026/06/04,115031276,07,08,13,15,16,23,24,25,29,30,44,48,51,52,53,60,61,62,69,79
2026/06/04,115031275,08,09,12,18,19,20,22,25,26,34,39,40,53,55,58,59,60,64,67,80
2026/06/04,115031274,05,09,12,14,16,25,30,38,39,42,48,50,52,54,67,68,71,74,75,77
2026/06/04,115031273,07,12,14,15,19,21,24,29,31,32,42,47,51,53,57,63,66,74,78,79
2026/06/04,115031272,05,09,21,23,24,32,33,34,41,42,45,47,49,61,62,63,64,69,70,71
2026/06/04,115031271,03,05,06,08,14,15,26,30,32,37,44,49,57,58,59,62,64,68,74,75
2026/06/04,115031270,02,03,04,06,13,14,18,26,27,32,43,48,49,59,64,65,72,73,74,75
2026/06/04,115031269,02,04,05,06,07,09,16,20,29,32,39,43,47,49,54,62,65,74,76,80
2026/06/04,115031268,04,05,07,10,19,22,28,30,34,39,41,43,44,47,53,54,57,59,60,63
2026/06/04,115031267,06,12,15,17,18,21,27,32,34,37,38,45,52,54,57,58,67,69,74,75
2026/06/04,115031266,01,02,12,17,18,19,20,22,24,27,32,37,45,48,53,60,62,63,64,76
2026/06/04,115031265,03,07,09,11,13,15,24,28,45,46,51,52,55,56,58,64,70,75,78,80
2026/06/04,115031264,02,03,08,17,22,25,28,32,36,45,46,47,48,50,56,60,62,63,77,79
2026/06/04,115031263,10,12,13,16,20,28,36,37,39,40,41,47,51,55,58,66,67,68,69,77
2026/06/03,115031262,1,9,10,11,12,13,15,16,17,21,30,34,35,36,39,47,59,62,76,77
2026/06/03,115031261,2,4,6,8,9,13,22,27,36,39,41,44,46,47,48,59,60,72,75,78
2026/06/03,115031260,4,12,13,14,21,32,33,38,44,52,53,54,58,67,68,70,71,72,73,77
2026/06/03,115031259,1,6,13,14,22,26,31,35,41,42,45,48,49,50,52,65,66,75,76,79
2026/06/03,115031258,8,9,11,28,31,37,39,41,42,43,46,59,60,62,63,65,68,75,77,80
2026/06/03,115031257,2,4,8,14,18,20,26,29,32,37,40,43,47,57,62,65,66,73,75,80
2026/06/03,115031256,7,13,15,16,17,21,22,26,28,31,37,41,44,56,61,64,70,73,74,77
2026/06/03,115031255,2,6,8,13,25,28,29,33,35,37,40,43,45,57,60,63,65,69,74,79
2026/06/03,115031254,1,4,5,6,9,11,26,28,33,38,40,46,49,58,63,65,66,67,72,80
2026/06/03,115031253,2,6,16,21,25,30,33,35,38,42,43,47,53,54,56,57,63,74,78,80
2026/06/03,115031252,4,7,8,16,20,23,30,33,37,43,50,56,57,62,64,72,74,75,76,78
2026/06/03,115031251,5,7,8,10,12,13,25,32,35,36,37,41,45,56,58,63,65,72,73,79
2026/06/03,115031250,2,3,9,16,17,19,20,30,31,32,37,44,45,48,50,51,56,63,70,76
2026/06/03,115031249,6,7,14,15,18,24,27,38,40,43,51,52,53,56,59,60,61,64,66,69
2026/06/03,115031248,2,3,9,12,14,19,20,21,36,41,46,47,52,56,58,59,64,66,67,69
2026/06/03,115031247,10,11,13,14,16,22,43,46,47,50,51,52,55,56,60,64,70,71,72,80
2026/06/03,115031246,11,14,18,21,27,30,31,34,35,42,44,46,50,53,58,61,66,75,76,77
2026/06/03,115031245,3,6,7,10,13,14,16,17,21,35,36,37,43,44,53,55,59,62,63,64
2026/06/03,115031244,2,4,8,12,13,18,23,27,31,36,37,40,41,48,51,52,61,66,71,75
2026/06/03,115031243,1,4,5,6,23,29,32,34,35,42,44,45,46,49,50,54,63,64,69,72
2026/06/03,115031242,4,16,24,26,35,37,39,41,42,44,49,51,58,60,66,75,76,78,79,80
2026/06/03,115031241,3,6,7,10,13,15,19,22,24,37,39,46,47,48,49,58,64,75,77,80
2026/06/03,115031240,9,11,13,17,19,21,24,39,40,42,44,45,47,50,56,58,60,65,74,77
2026/06/03,115031239,2,9,17,20,24,28,31,33,34,35,38,39,47,53,56,60,64,66,72,73
2026/06/03,115031238,3,5,6,12,18,25,28,30,32,37,40,41,45,46,48,51,60,67,75,77
2026/06/03,115031237,2,8,9,15,16,17,19,22,24,28,29,34,41,43,47,48,50,51,53,76
2026/06/03,115031236,1,2,4,7,9,12,13,19,29,34,36,43,45,47,48,58,67,70,74,79
2026/06/03,115031235,6,12,20,21,26,28,29,35,39,40,41,49,58,60,61,62,70,74,76,80
2026/06/03,115031234,2,10,19,25,28,31,43,45,48,49,50,52,53,56,57,60,65,71,75,78
2026/06/03,115031233,1,2,3,4,6,12,13,16,28,32,35,36,42,52,56,57,61,63,72,75
2026/06/03,115031232,1,10,13,15,17,22,24,28,37,40,41,44,47,52,59,62,64,67,69,76
2026/06/03,115031231,8,12,13,15,16,29,30,33,34,38,40,47,58,59,61,68,73,75,77,79
2026/06/03,115031230,3,7,12,13,15,17,18,20,27,30,33,44,49,54,61,62,63,68,72,79
2026/06/03,115031229,8,9,13,16,17,26,27,29,30,31,33,34,43,51,59,61,70,72,74,79
2026/06/03,115031228,3,6,11,21,33,34,36,38,40,41,44,46,49,56,57,59,62,72,78,79
2026/06/03,115031227,2,4,10,17,22,26,29,38,39,41,42,45,50,57,59,65,67,68,77,79
2026/06/03,115031226,2,9,10,14,15,19,22,23,30,32,35,36,38,39,42,58,59,67,68,74
2026/06/03,115031225,2,6,12,13,14,17,20,23,36,43,46,51,52,53,57,64,68,71,77,78
2026/06/03,115031224,1,8,10,11,14,15,24,27,30,31,40,49,53,56,59,61,68,69,71,76
2026/06/03,115031223,4,10,14,16,19,20,24,25,27,29,32,41,57,61,65,68,72,73,74,79
2026/06/03,115031222,4,7,8,9,15,17,18,21,25,32,44,54,57,58,59,61,67,68,74,77
2026/06/03,115031221,4,5,9,11,16,25,26,27,40,41,43,49,52,58,59,64,68,76,78,79
2026/06/03,115031220,5,10,14,15,17,19,26,28,35,40,43,55,56,57,62,63,66,67,68,80
2026/06/03,115031219,10,15,19,23,28,33,34,38,46,47,63,64,67,72,74,75,77,78,79,80
2026/06/03,115031218,1,3,16,23,25,28,29,32,35,43,46,54,59,66,70,72,73,75,76,79
2026/06/03,115031217,1,18,24,31,34,37,39,44,45,47,48,56,58,59,63,69,72,76,77,80
2026/06/03,115031216,4,5,6,29,31,32,35,36,39,43,44,49,54,56,58,59,71,73,78,80
2026/06/03,115031215,1,2,6,8,9,14,19,24,27,38,42,59,61,62,67,73,74,77,79,80
2026/06/03,115031214,3,4,5,11,14,15,19,20,21,39,41,42,57,60,62,65,67,74,75,77
2026/06/03,115031213,3,4,11,12,15,18,23,26,32,38,42,43,51,53,56,58,64,65,70,80
2026/06/03,115031212,1,6,9,10,11,20,22,23,27,35,41,42,48,66,69,70,73,74,75,79
2026/06/03,115031211,1,5,7,16,21,37,38,47,49,50,54,56,58,59,65,67,68,70,72,80
2026/06/03,115031210,4,5,12,20,21,30,33,35,36,37,39,41,52,54,58,63,64,67,72,79
2026/06/03,115031209,2,10,12,21,26,34,37,38,41,43,45,51,54,56,61,64,65,68,78,80
2026/06/03,115031208,1,2,3,6,7,12,13,17,28,33,35,36,40,42,47,56,62,65,72,75
2026/06/03,115031207,1,2,3,5,10,16,24,26,35,36,48,54,55,60,63,66,67,72,75,78
2026/06/03,115031206,6,7,9,11,13,16,21,24,36,42,49,51,52,61,62,64,65,66,70,73
2026/06/03,115031205,3,7,8,10,21,26,27,28,31,35,37,48,52,57,58,59,64,77,79,80
2026/06/03,115031204,6,8,9,12,14,18,26,32,33,37,42,44,51,52,53,55,57,58,61,66
2026/06/03,115031203,1,7,17,20,27,29,38,43,49,51,57,58,61,62,66,70,71,75,77,79
2026/06/03,115031202,2,3,6,10,12,16,32,34,45,46,47,49,57,60,63,67,73,77,79,80
2026/06/03,115031201,5,7,12,20,23,28,31,32,33,36,37,44,49,55,57,67,69,75,77,78
2026/06/03,115031200,7,9,12,19,21,30,33,35,38,42,44,46,47,48,55,61,63,69,79,80
2026/06/03,115031199,8,9,16,19,26,33,34,36,42,43,58,59,60,61,62,65,70,72,78,79
2026/06/03,115031198,1,12,14,26,27,34,35,36,40,43,45,46,51,54,59,61,69,75,76,78
2026/06/03,115031197,1,3,4,8,9,14,21,24,25,29,32,33,37,42,46,55,63,71,75,80
2026/06/03,115031196,4,6,9,12,18,23,27,31,34,35,36,55,58,61,63,69,71,72,74,75
2026/06/03,115031195,2,5,6,9,12,15,19,20,22,34,49,51,55,57,60,64,69,71,77,79
2026/06/03,115031194,1,5,9,18,19,22,23,25,30,42,53,55,61,68,70,71,72,73,75,76
2026/06/03,115031193,5,11,22,24,32,39,45,51,56,58,60,65,69,72,74,75,76,77,78,80
2026/06/03,115031192,2,4,10,18,19,26,28,42,46,48,54,55,56,58,63,65,68,71,75,79
2026/06/03,115031191,5,13,16,17,23,30,32,34,42,47,48,51,61,65,68,69,70,77,79,80
2026/06/03,115031190,3,10,14,16,18,19,20,22,38,45,46,47,50,53,57,60,64,66,68,72
2026/06/03,115031189,5,9,14,17,18,28,30,31,36,47,48,58,59,60,63,65,69,75,78,80
2026/06/03,115031188,2,4,13,16,20,23,29,31,34,40,41,44,46,47,56,60,61,66,73,80
2026/06/03,115031187,1,2,4,8,11,18,19,25,39,42,48,50,53,58,62,65,74,75,77,78
2026/06/03,115031186,2,3,9,13,16,29,35,44,50,56,57,61,67,68,69,71,72,75,77,80
2026/06/03,115031185,1,8,9,11,13,18,19,23,25,33,38,48,50,61,63,66,69,72,76,78
2026/06/03,115031184,4,7,13,14,19,21,24,31,34,39,48,54,56,58,59,63,68,72,73,80
2026/06/03,115031183,2,3,8,9,10,13,16,19,21,26,35,37,46,48,58,62,64,70,72,79
2026/06/03,115031182,18,19,21,22,26,31,41,43,46,50,51,54,55,57,59,63,65,66,75,77
2026/06/03,115031181,1,6,14,17,21,22,23,36,42,43,50,54,55,61,62,63,66,67,76,77
2026/06/03,115031180,1,3,12,13,14,19,23,30,34,37,38,41,43,48,51,56,60,62,65,79
2026/06/03,115031179,3,4,6,9,18,19,27,28,36,38,39,44,49,51,53,59,68,69,76,80
2026/06/03,115031178,1,3,5,12,14,16,17,18,24,26,27,38,58,59,66,67,71,72,74,79
2026/06/03,115031177,11,13,15,21,22,24,27,28,35,36,38,43,49,52,56,57,65,73,75,78
2026/06/03,115031176,11,13,14,19,21,23,26,28,30,43,44,47,50,51,55,56,65,66,73,78
2026/06/03,115031175,1,2,3,6,10,12,14,20,22,27,28,29,33,36,38,42,53,66,67,73
2026/06/03,115031174,10,17,21,23,24,27,29,33,35,36,39,42,43,45,58,63,64,67,72,77
2026/06/03,115031173,2,8,11,13,16,19,21,25,27,30,43,50,53,56,61,67,68,69,70,73
2026/06/03,115031172,9,11,19,21,23,26,31,32,39,40,44,51,55,57,62,64,72,73,76,80
2026/06/03,115031171,2,4,7,11,15,19,20,27,31,33,41,43,45,58,59,61,66,71,77,79
2026/06/03,115031170,2,3,5,12,14,16,20,22,24,29,41,43,48,58,60,64,68,69,71,76
2026/06/03,115031169,3,6,8,10,14,15,21,22,30,31,35,36,37,38,39,61,62,65,68,71
2026/06/03,115031168,4,8,12,21,22,24,28,30,38,39,49,50,51,57,59,62,68,71,77,78
2026/06/03,115031167,3,7,9,14,15,19,27,29,41,43,46,48,60,63,68,69,70,72,76,77
2026/06/03,115031166,9,11,13,14,19,26,34,38,40,41,43,45,46,53,54,58,59,64,65,80
2026/06/03,115031165,2,4,9,13,14,16,17,20,21,32,38,42,47,52,53,64,65,66,72,78
2026/06/03,115031164,2,19,29,30,33,43,47,51,52,53,55,59,61,63,65,66,68,70,71,72
2026/06/03,115031163,3,5,7,8,12,15,18,20,22,23,25,26,28,42,46,52,67,70,75,78
2026/06/03,115031162,1,10,13,14,26,27,29,34,36,41,42,43,46,47,53,54,58,59,76,79
2026/06/03,115031161,5,7,11,18,23,26,29,35,40,43,48,49,52,56,60,66,67,69,76,77
2026/06/03,115031160,1,2,4,8,23,25,26,30,31,38,39,40,44,49,50,51,57,63,72,73
2026/06/03,115031159,8,14,19,21,26,29,31,32,34,36,37,54,57,59,60,61,68,76,79,80
2026/06/03,115031158,2,8,12,13,16,22,25,35,36,41,45,49,50,51,55,56,59,62,71,76
2026/06/03,115031157,3,5,11,16,22,23,26,33,36,38,41,43,45,49,53,58,59,63,76,78
2026/06/03,115031156,3,12,14,16,19,25,28,30,31,42,47,58,61,63,70,72,73,74,77,78
2026/06/03,115031155,9,10,11,13,14,18,20,25,29,35,37,45,48,59,62,63,68,73,75,79
2026/06/03,115031154,2,7,9,11,12,15,21,23,26,30,36,37,43,44,51,54,65,67,75,80
2026/06/03,115031153,1,6,7,11,17,19,28,29,36,37,38,40,41,54,55,56,70,74,75,79
2026/06/03,115031152,1,6,10,13,22,26,32,33,42,48,49,52,55,58,60,61,62,68,73,78
2026/06/03,115031151,7,9,12,20,24,25,26,28,29,31,36,37,39,46,49,51,56,72,75,76
2026/06/03,115031150,8,9,11,12,16,21,22,23,28,30,40,48,50,51,55,56,69,72,73,78
2026/06/03,115031149,7,12,13,18,20,22,23,25,27,30,36,37,39,46,48,49,67,69,70,73
2026/06/03,115031148,4,6,8,9,11,21,30,44,45,46,49,58,59,60,61,62,64,65,70,75
2026/06/03,115031147,9,10,12,19,21,24,34,37,40,47,50,53,59,61,62,65,70,73,76,80
2026/06/03,115031146,2,3,6,10,14,20,22,24,27,34,40,44,49,51,52,53,55,61,77,80
2026/06/03,115031145,3,4,5,12,16,20,21,28,34,35,36,40,44,50,51,52,55,56,61,79
2026/06/03,115031144,6,9,15,19,21,25,28,37,40,43,45,50,53,55,56,61,66,77,78,79
2026/06/03,115031143,3,4,7,10,12,13,18,20,26,28,33,34,39,41,47,49,53,55,62,66
2026/06/03,115031142,1,8,13,18,19,25,30,33,36,44,52,58,59,63,64,69,70,71,75,77
2026/06/03,115031141,3,5,6,8,10,11,13,15,20,23,25,26,34,36,47,50,51,68,71,80
2026/06/03,115031140,2,4,9,12,17,18,19,25,26,29,35,51,53,59,61,64,69,71,75,80
2026/06/03,115031139,6,7,12,14,15,16,17,19,21,26,30,32,36,45,50,51,56,65,67,76
2026/06/03,115031138,2,4,15,20,24,27,28,38,40,42,52,53,57,67,74,75,76,78,79,80
2026/06/03,115031137,2,3,8,14,17,19,21,26,33,34,35,37,45,51,53,57,71,73,74,78
2026/06/03,115031136,8,9,13,15,33,38,39,40,49,51,52,61,64,66,67,69,72,77,78,80
2026/06/03,115031135,3,4,8,14,15,19,22,29,32,42,47,48,49,51,52,54,59,62,66,76
2026/06/03,115031134,8,10,27,29,32,33,34,37,40,42,46,47,55,58,62,65,67,68,73,77
2026/06/03,115031133,1,3,5,9,10,20,23,25,32,39,42,44,56,60,62,66,68,72,75,78
2026/06/03,115031132,2,4,9,10,12,18,25,38,39,42,53,55,56,57,60,61,69,71,73,79
2026/06/03,115031131,2,3,4,5,10,11,13,21,24,29,42,44,48,52,56,57,58,59,64,80
2026/06/03,115031130,2,3,9,12,13,24,26,27,28,32,35,38,42,49,51,53,59,63,73,75
2026/06/03,115031129,2,4,7,10,11,12,13,15,18,23,25,41,42,43,46,58,60,62,63,80
2026/06/03,115031128,1,3,8,9,11,15,17,33,47,56,59,61,63,65,67,69,74,75,76,77
2026/06/03,115031127,2,3,5,7,8,13,27,33,35,37,45,46,47,48,55,60,63,64,71,78
2026/06/03,115031126,7,15,18,24,25,28,31,33,34,39,46,49,50,51,52,54,57,66,70,73
2026/06/03,115031125,3,4,16,17,18,24,25,29,30,32,33,38,40,42,44,52,54,59,71,78
2026/06/03,115031124,2,4,9,11,12,13,14,19,21,29,37,45,46,47,52,61,62,65,70,74
2026/06/03,115031123,1,4,6,14,25,26,36,37,39,45,51,55,56,61,63,67,71,73,74,78
2026/06/03,115031122,6,15,16,18,19,23,27,28,31,35,36,37,38,54,56,64,68,71,73,78
2026/06/03,115031121,1,6,8,11,18,19,28,31,37,41,47,50,53,54,59,65,68,73,76,79
2026/06/03,115031120,1,16,17,20,22,23,25,26,50,55,58,59,62,65,69,70,71,73,75,76
2026/06/03,115031119,2,6,11,17,23,25,34,35,48,51,57,61,66,68,69,70,71,72,73,77
2026/06/03,115031118,2,5,9,18,20,27,34,40,47,49,56,60,63,65,66,67,72,77,78,79
2026/06/03,115031117,14,19,21,22,28,30,38,40,48,51,52,57,58,65,66,68,72,74,76,78
2026/06/03,115031116,4,5,7,9,15,22,35,40,41,44,47,49,55,56,62,63,67,70,79,80
2026/06/03,115031115,5,22,23,29,30,41,43,44,45,48,52,54,61,65,67,69,70,73,77,80
2026/06/03,115031114,7,11,12,13,17,23,26,29,32,40,42,43,48,55,57,58,60,67,68,80
2026/06/03,115031113,1,5,8,12,13,21,28,34,35,44,46,47,51,55,60,62,64,68,71,74
2026/06/03,115031112,5,10,16,21,24,28,32,38,39,44,52,53,54,57,62,63,65,66,67,68
2026/06/03,115031111,1,3,6,8,17,18,23,35,41,45,46,52,54,64,68,69,71,74,76,78
2026/06/03,115031110,4,10,16,19,20,23,27,30,39,42,44,47,54,55,56,57,61,70,71,76
2026/06/03,115031109,2,3,5,6,12,29,31,37,40,41,44,45,47,50,51,52,54,55,62,65
2026/06/03,115031108,3,4,5,6,12,17,18,21,29,33,37,40,52,54,58,59,60,68,70,71
2026/06/03,115031107,3,5,9,16,21,24,26,31,35,43,48,53,56,58,59,61,65,73,76,79
2026/06/03,115031106,1,3,8,22,28,34,38,41,43,46,56,58,62,67,68,69,72,73,76,80
2026/06/03,115031105,2,6,9,11,16,20,24,31,36,37,39,44,48,52,53,57,64,70,74,75
2026/06/03,115031104,1,12,15,16,24,30,32,39,41,44,47,52,56,60,66,69,71,73,77,80
2026/06/03,115031103,2,3,10,11,16,20,22,23,25,28,32,33,34,35,36,42,47,49,52,76
2026/06/03,115031102,4,7,11,12,15,20,26,29,30,35,39,40,53,54,55,59,69,70,75,76
2026/06/03,115031101,7,8,10,11,12,19,22,37,40,47,48,55,58,61,66,72,76,78,79,80
2026/06/03,115031100,5,7,12,13,15,17,19,29,30,31,32,33,45,47,52,57,60,63,77,80
2026/06/03,115031099,1,2,3,5,12,30,34,35,36,40,49,52,54,56,63,64,70,73,77,79
2026/06/03,115031098,8,11,15,20,22,26,29,30,34,38,39,49,59,60,65,69,71,72,73,76
2026/06/03,115031097,2,3,7,11,15,17,18,19,21,26,28,39,48,55,62,65,66,68,75,78
2026/06/03,115031096,6,7,10,12,13,14,16,31,34,35,36,41,49,51,53,61,63,68,74,76
2026/06/03,115031095,3,8,9,28,29,35,37,41,42,43,44,47,49,57,58,59,68,70,77,80
2026/06/03,115031094,1,17,18,19,20,21,27,34,38,39,42,43,44,61,62,66,68,69,73,80
2026/06/03,115031093,1,6,10,18,20,21,26,27,32,39,43,50,53,65,66,68,73,76,77,78
2026/06/03,115031092,4,8,9,13,14,15,26,27,33,36,40,41,44,56,57,62,66,67,69,72
2026/06/03,115031091,2,6,7,8,10,13,19,24,25,26,27,45,47,49,53,69,70,71,75,76
2026/06/03,115031090,1,4,8,9,15,25,26,31,37,43,50,53,54,55,62,68,69,73,77,79
2026/06/03,115031089,2,4,5,14,33,37,40,42,43,47,48,51,52,53,59,63,66,73,76,77
2026/06/03,115031088,2,6,15,16,19,22,31,37,39,47,48,51,52,55,59,61,62,65,71,73
2026/06/03,115031087,1,2,7,8,17,19,20,22,26,27,30,35,36,49,54,57,60,71,72,76
2026/06/03,115031086,3,5,8,10,14,15,17,27,30,32,33,37,39,40,44,46,48,57,68,73
2026/06/03,115031085,8,9,10,18,20,21,22,27,40,48,51,55,57,59,60,62,68,69,72,80
2026/06/03,115031084,4,5,6,8,10,18,19,20,24,25,26,29,33,45,56,61,62,64,67,72
2026/06/03,115031083,1,5,11,15,26,28,30,37,42,44,48,49,50,56,69,72,73,74,76,80
2026/06/03,115031082,4,7,11,16,21,23,26,32,33,39,53,59,60,61,62,63,66,69,75,76
2026/06/03,115031081,3,6,7,11,14,16,19,20,21,28,32,34,40,50,55,57,64,71,73,75
2026/06/03,115031080,5,9,10,17,20,21,22,29,34,40,42,43,50,52,54,58,64,69,77,78
2026/06/03,115031079,12,17,19,23,24,25,27,30,33,40,42,44,50,55,64,68,69,71,77,78
2026/06/03,115031078,2,4,7,8,13,16,33,36,44,48,51,52,55,57,58,69,75,78,79,80
2026/06/03,115031077,1,5,6,13,19,23,26,36,39,44,47,51,53,54,55,62,64,68,77,80
2026/06/03,115031076,2,8,10,17,25,28,29,30,34,35,47,50,52,53,56,61,72,75,79,80
2026/06/03,115031075,5,9,11,15,21,22,27,28,32,33,34,37,41,44,48,53,56,58,66,73
2026/06/03,115031074,3,4,8,9,14,16,19,26,29,42,43,59,60,61,67,70,72,74,75,78
2026/06/03,115031073,2,3,4,6,8,10,11,13,21,26,29,33,34,38,44,50,59,71,77,80
2026/06/03,115031072,3,5,6,14,17,23,26,29,33,35,36,38,44,46,47,51,58,59,62,74
2026/06/03,115031071,2,12,15,22,23,25,27,30,37,46,49,52,53,54,55,65,69,70,74,77
2026/06/03,115031070,7,8,14,19,27,33,35,40,46,49,58,59,63,64,67,69,74,76,77,79
2026/06/03,115031069,5,13,15,16,19,27,28,33,36,44,49,50,51,56,57,59,63,67,68,76
2026/06/03,115031068,13,14,22,28,29,39,41,43,44,50,52,54,55,56,58,61,66,68,75,77
2026/06/03,115031067,6,13,15,19,24,26,27,30,31,42,44,46,47,51,54,65,66,72,74,80
2026/06/03,115031066,4,7,9,11,14,16,22,24,33,42,46,51,53,59,63,65,66,69,75,78
2026/06/03,115031065,4,5,11,15,19,20,21,25,34,38,39,43,49,51,60,68,69,72,73,80
2026/06/03,115031064,1,3,9,10,12,14,15,20,30,33,40,52,53,59,60,62,67,70,73,77
2026/06/03,115031063,4,5,7,16,20,23,25,26,27,32,35,36,37,39,45,54,55,59,61,70
2026/06/03,115031062,9,14,19,20,23,28,37,39,40,45,50,55,57,64,65,66,71,75,76,77
2026/06/03,115031061,4,11,18,19,20,22,27,31,39,41,43,45,47,52,59,66,67,68,70,75
2026/06/03,115031060,2,14,15,18,22,26,27,31,44,45,46,48,50,52,60,63,71,73,75,80
2026/06/02,115031059,2,4,5,8,10,24,28,33,41,44,48,58,65,66,69,70,71,73,74,78
2026/06/02,115031058,1,2,9,14,15,17,18,19,20,23,27,28,43,60,61,66,72,73,77,80
2026/06/02,115031057,4,7,8,21,22,24,25,29,33,34,35,38,42,46,49,59,60,68,71,72
2026/06/02,115031056,1,4,6,10,12,16,25,31,34,35,37,41,44,45,58,62,64,65,67,78
2026/06/02,115031055,8,9,13,14,16,20,26,30,36,42,47,48,54,55,58,59,66,67,77,78
2026/06/02,115031054,2,6,8,9,14,18,29,35,45,46,49,50,57,63,65,66,67,70,72,78
2026/06/02,115031053,14,20,21,27,30,31,34,37,40,43,46,50,52,53,60,61,66,69,78,79
2026/06/02,115031052,8,11,12,13,15,16,18,20,23,26,33,37,43,44,53,54,59,65,68,76
2026/06/02,115031051,3,4,6,12,15,20,21,39,44,54,56,57,60,63,64,71,74,75,77,80
2026/06/02,115031050,2,4,6,11,14,22,26,34,38,41,43,52,54,57,58,59,63,65,68,77
2026/06/02,115031049,1,10,11,20,21,31,33,36,38,39,40,42,50,54,55,57,60,63,73,75
2026/06/02,115031048,2,5,9,21,27,28,30,32,46,47,48,50,57,58,60,61,62,66,70,77
2026/06/02,115031047,3,6,9,10,24,25,26,31,32,36,47,54,55,59,62,67,68,71,74,76
2026/06/02,115031046,2,7,9,11,14,21,35,36,37,40,48,49,55,57,58,70,71,73,78,79
2026/06/02,115031045,4,6,7,9,12,20,26,29,30,32,35,37,48,49,61,66,68,70,72,80
2026/06/02,115031044,1,2,3,6,9,10,16,17,25,26,28,45,49,50,58,64,68,71,73,76
2026/06/02,115031043,5,7,11,12,16,23,32,39,42,49,50,54,55,64,67,68,69,70,71,76
2026/06/02,115031042,2,4,9,12,14,19,21,24,25,36,38,39,40,41,42,43,52,55,66,80
2026/06/02,115031041,2,6,8,9,10,13,16,20,30,33,34,39,40,41,49,52,57,58,59,64
2026/06/02,115031040,7,9,12,13,14,27,32,34,37,42,43,56,58,60,61,62,64,65,67,77
2026/06/02,115031039,6,7,8,29,31,36,39,41,46,49,50,58,64,65,67,73,75,76,79,80
2026/06/02,115031038,1,4,15,16,20,30,32,35,38,42,47,49,50,59,63,64,66,69,76,77
2026/06/02,115031037,2,9,12,15,16,17,20,23,26,32,35,36,40,47,52,56,57,65,74,75
2026/06/02,115031036,9,12,16,20,22,24,27,41,48,50,55,56,60,68,70,71,76,77,78,79
2026/06/02,115031035,4,7,12,19,20,31,36,39,40,41,43,44,46,49,50,56,60,69,71,78
2026/06/02,115031034,1,3,17,18,19,22,27,32,38,47,48,51,53,54,55,64,65,67,70,72
2026/06/02,115031033,1,4,8,11,13,16,18,20,23,25,33,47,51,57,58,65,71,74,77,80
2026/06/02,115031032,1,2,15,19,21,26,29,30,34,42,45,50,62,65,68,71,72,76,77,79
2026/06/02,115031031,3,4,5,8,12,29,30,34,37,39,41,44,47,53,55,56,61,68,69,75
2026/06/02,115031030,2,3,8,18,19,23,24,25,34,35,37,38,43,44,53,59,62,65,66,77
2026/06/02,115031029,1,5,6,13,14,16,20,26,31,33,34,41,44,52,60,70,72,74,75,78
2026/06/02,115031028,1,3,4,5,9,17,19,21,26,29,42,43,48,52,59,64,65,67,75,77
2026/06/02,115031027,5,8,14,16,20,25,28,29,34,35,37,45,52,57,59,62,65,67,76,80
2026/06/02,115031026,3,8,9,10,11,15,19,22,28,33,38,39,40,58,70,72,74,75,77,80
2026/06/02,115031025,8,10,13,14,25,27,28,40,44,45,46,49,54,55,62,66,69,71,72,73
2026/06/02,115031024,5,8,13,15,25,30,31,33,39,43,45,50,56,61,63,66,69,72,74,78
2026/06/02,115031023,4,5,6,14,18,25,27,31,39,45,48,50,52,54,58,63,67,68,79,80
2026/06/02,115031022,8,11,16,17,19,24,25,37,44,45,48,51,54,56,58,62,68,71,72,78
2026/06/02,115031021,2,4,9,14,16,25,26,28,31,36,37,39,56,57,61,62,66,69,70,76
2026/06/02,115031020,4,10,17,23,27,29,32,33,36,37,41,43,44,45,46,58,62,63,72,78
2026/06/02,115031019,4,8,21,29,32,33,37,40,46,52,54,55,56,57,58,64,67,69,75,78
2026/06/02,115031018,11,12,13,14,25,35,38,42,44,45,46,47,49,53,54,58,59,66,69,71
2026/06/02,115031017,1,3,5,12,14,21,25,29,36,45,46,53,54,57,59,63,68,69,71,78
2026/06/02,115031016,6,8,9,10,16,17,26,27,30,36,42,45,47,52,61,69,71,75,78,79
2026/06/02,115031015,2,8,9,10,13,17,39,40,41,47,52,59,60,61,63,64,73,75,77,80
2026/06/02,115031014,1,4,5,6,15,21,27,37,40,41,43,46,47,52,57,68,71,72,74,80
2026/06/02,115031013,9,13,20,22,24,26,33,34,38,39,41,45,64,68,69,71,73,75,78,79
2026/06/02,115031012,4,6,11,13,20,25,26,29,32,34,39,40,41,58,65,68,71,72,75,79
2026/06/02,115031011,13,14,15,21,27,33,38,40,42,44,48,51,54,62,70,71,76,77,79,80
2026/06/02,115031010,4,6,10,12,13,14,16,20,21,37,39,42,44,46,50,53,67,71,73,74
2026/06/02,115031009,5,6,15,16,17,18,23,24,29,30,36,42,44,48,54,59,61,63,66,67
2026/06/02,115031008,3,5,10,14,19,28,32,34,38,40,50,54,62,65,67,68,72,74,75,77
2026/06/02,115031007,1,7,8,9,12,14,24,30,33,37,45,50,54,57,64,65,70,74,77,80
2026/06/02,115031006,2,3,8,13,16,18,21,22,23,26,41,42,43,61,62,63,66,67,77,78
2026/06/02,115031005,5,7,10,12,22,24,25,28,36,38,41,45,46,51,52,54,59,61,62,67
2026/06/02,115031004,7,8,9,11,15,16,17,22,23,24,32,37,41,42,47,51,59,63,69,74
2026/06/02,115031003,1,6,11,13,17,25,31,32,37,46,50,53,57,59,64,66,69,78,79,80
2026/06/02,115031002,3,11,12,16,19,26,28,30,33,36,43,46,52,58,62,65,67,74,75,76
2026/06/02,115031001,2,9,10,14,16,17,26,31,39,40,41,42,47,48,50,54,62,64,73,76
2026/06/02,115031000,5,9,17,19,20,22,34,39,40,44,49,50,51,63,65,71,73,75,78,80
2026/06/02,115030999,8,9,12,22,25,26,28,29,31,32,39,40,42,43,51,65,70,73,74,76
2026/06/02,115030998,1,5,18,19,23,31,33,37,40,46,53,54,55,60,64,70,71,75,78,80
2026/06/02,115030997,2,3,7,15,21,30,31,32,36,39,44,45,46,49,53,56,58,62,69,80
2026/06/02,115030996,5,6,17,19,22,27,30,31,34,39,42,43,46,47,65,67,76,77,78,79
2026/06/02,115030995,8,9,12,13,16,18,23,27,32,35,39,44,49,53,60,62,65,67,71,74
2026/06/02,115030994,6,11,13,19,20,22,25,29,30,34,35,41,44,52,54,55,63,68,73,74
2026/06/02,115030993,1,3,8,15,25,26,29,32,36,38,39,42,51,53,67,68,71,74,79,80
2026/06/02,115030992,1,6,10,11,12,18,20,21,34,37,38,40,48,55,58,61,63,64,66,68
2026/06/02,115030991,4,7,10,12,17,18,23,28,30,31,44,45,48,56,63,65,69,70,77,79
2026/06/02,115030990,1,2,6,8,10,12,16,26,28,32,33,35,41,48,50,53,58,59,60,78
2026/06/02,115030989,1,3,6,14,18,22,26,28,39,43,48,49,58,60,63,64,66,67,69,76
2026/06/02,115030988,16,22,23,27,30,33,40,43,48,52,55,56,63,65,68,70,71,74,75,80
2026/06/02,115030987,5,7,23,24,27,34,43,45,51,53,54,56,58,59,66,68,70,72,74,78
2026/06/02,115030986,1,7,10,14,15,19,28,30,32,34,41,42,58,59,60,62,70,76,78,79
2026/06/02,115030985,1,5,9,12,13,14,20,21,29,34,41,42,44,46,53,65,68,69,70,72
2026/06/02,115030984,5,8,16,19,25,30,42,47,49,55,58,59,60,62,65,69,74,76,79,80
2026/06/02,115030983,3,9,14,15,19,22,26,28,34,35,38,43,47,49,53,57,75,77,78,79
2026/06/02,115030982,2,8,12,16,18,21,29,31,32,33,35,38,42,44,56,61,63,71,74,78
2026/06/02,115030981,8,9,10,11,13,23,26,32,37,38,40,47,49,55,56,57,63,65,71,73
2026/06/02,115030980,2,4,7,8,12,13,16,20,28,33,40,44,47,50,57,60,61,66,72,79
2026/06/02,115030979,3,5,10,12,16,17,19,24,26,28,35,38,43,50,53,57,64,65,69,80
2026/06/02,115030978,1,6,9,12,13,16,18,21,24,25,28,29,31,33,49,50,53,59,63,77
2026/06/02,115030977,1,6,8,12,14,16,25,28,33,41,47,50,55,57,59,69,74,75,76,77
2026/06/02,115030976,1,2,5,11,26,27,31,32,33,37,38,42,49,54,55,60,65,66,74,80
2026/06/02,115030975,7,8,9,13,24,26,27,33,34,36,37,51,52,53,56,61,62,68,71,74
2026/06/02,115030974,1,6,7,8,9,24,26,35,37,44,49,51,55,57,61,63,64,68,73,79
2026/06/02,115030973,6,7,21,29,32,34,49,53,56,61,63,65,66,67,68,69,70,74,75,77
2026/06/02,115030972,3,4,20,21,22,24,26,29,33,39,43,51,52,59,61,64,68,77,78,80
2026/06/02,115030971,1,2,6,8,12,18,22,23,25,27,29,32,33,42,51,54,59,61,72,74
2026/06/02,115030970,2,11,12,14,18,20,23,28,30,36,40,44,45,47,56,57,67,73,76,78
2026/06/02,115030969,5,9,10,11,14,21,25,26,28,30,33,40,41,47,51,53,73,74,79,80
2026/06/02,115030968,1,2,3,4,5,6,10,12,13,20,21,30,34,40,41,46,48,56,62,77
2026/06/02,115030967,1,8,11,12,17,18,21,23,26,27,29,40,41,45,51,53,56,58,76,79
2026/06/02,115030966,1,4,11,12,15,18,21,22,32,33,36,50,53,57,62,63,66,70,71,77
2026/06/02,115030965,7,20,22,23,32,34,36,37,38,42,43,45,51,52,53,60,61,63,66,74
2026/06/02,115030964,4,8,12,13,14,27,37,38,39,40,41,43,48,52,56,58,60,62,64,66
2026/06/02,115030963,1,2,3,5,7,8,11,14,21,22,23,26,34,40,41,42,46,57,68,75
2026/06/02,115030962,4,7,8,9,10,24,25,26,27,29,36,45,48,50,53,54,55,63,66,79
2026/06/02,115030961,6,7,15,21,29,30,31,32,33,39,47,50,55,59,60,61,62,64,66,74
2026/06/02,115030960,4,6,10,13,17,18,23,24,26,29,31,37,41,43,46,52,56,59,66,70
2026/06/02,115030959,10,17,25,27,29,30,31,36,38,42,49,50,60,62,64,66,70,73,74,78
2026/06/02,115030958,2,4,18,19,21,25,27,29,33,34,45,49,53,55,64,67,75,78,79,80
2026/06/02,115030957,1,2,5,14,17,19,24,25,32,35,36,38,41,46,58,61,65,70,72,80
2026/06/02,115030956,6,13,14,17,24,28,30,35,38,41,44,48,49,50,52,53,71,74,76,77
2026/06/02,115030955,4,5,6,7,8,12,13,16,25,28,31,42,46,50,56,64,68,70,75,79
2026/06/02,115030954,1,7,8,13,16,21,26,27,31,33,34,45,46,54,55,62,65,66,73,79
2026/06/02,115030953,3,9,12,20,21,23,29,34,42,43,45,46,47,49,52,55,57,61,72,78
2026/06/02,115030952,4,5,10,12,16,17,21,22,24,26,27,38,46,49,56,57,60,61,65,74
2026/06/02,115030951,4,6,15,16,18,24,27,40,42,49,50,54,58,60,61,63,66,69,71,75
2026/06/02,115030950,1,3,11,12,18,25,26,29,32,35,36,41,45,55,57,63,64,72,76,80
2026/06/02,115030949,1,3,8,11,17,24,26,30,31,36,37,45,47,48,50,53,60,67,76,77
2026/06/02,115030948,1,6,11,21,26,27,35,37,40,46,49,53,58,60,63,65,67,72,74,80
2026/06/02,115030947,9,20,24,29,30,32,36,41,42,43,49,50,55,57,58,60,65,69,71,80
2026/06/02,115030946,10,12,19,26,28,32,34,40,43,45,52,53,55,58,62,65,73,77,79,80
2026/06/02,115030945,3,6,8,12,19,20,26,27,28,39,46,47,49,55,59,61,65,67,78,79
2026/06/02,115030944,2,3,8,12,18,19,21,26,29,30,32,35,37,38,44,47,56,63,70,79
2026/06/02,115030943,2,9,11,15,21,25,32,34,36,40,42,43,50,58,61,64,71,74,77,79
2026/06/02,115030942,3,4,7,9,10,13,14,16,24,27,28,29,34,41,45,51,60,61,75,80
2026/06/02,115030941,2,7,10,11,15,16,24,27,30,32,37,41,42,55,56,57,61,62,67,71
2026/06/02,115030940,6,14,18,19,22,23,27,32,33,36,37,39,40,41,45,52,55,56,64,79
2026/06/02,115030939,2,7,9,17,25,27,31,32,37,40,44,45,47,53,55,63,72,77,78,79
2026/06/02,115030938,1,7,12,13,14,17,22,25,32,34,43,45,49,55,56,57,64,66,71,75
2026/06/02,115030937,1,5,14,17,19,22,26,30,31,34,35,36,37,38,43,45,54,59,61,77
2026/06/02,115030936,4,7,10,21,23,24,29,31,34,36,38,55,57,62,66,67,68,69,71,73
2026/06/02,115030935,2,5,6,8,22,24,25,31,34,45,47,50,51,53,55,63,66,67,75,76
2026/06/02,115030934,4,9,12,13,19,23,27,33,36,44,45,52,57,60,62,63,72,73,77,80
2026/06/02,115030933,3,11,14,19,20,27,30,31,35,38,43,47,48,53,55,58,63,75,79,80
2026/06/02,115030932,3,4,7,10,13,15,29,30,35,36,39,42,48,50,55,56,62,64,71,79
2026/06/02,115030931,9,11,16,17,23,25,26,31,35,39,43,52,55,56,57,66,71,73,75,79
2026/06/02,115030930,8,17,20,21,23,25,27,28,29,33,37,38,42,45,46,51,61,62,68,69
2026/06/02,115030929,3,11,22,23,26,31,36,37,38,39,41,45,47,54,55,58,60,74,75,79
2026/06/02,115030928,1,2,4,14,15,17,24,33,35,36,37,45,55,60,62,67,74,75,76,77
2026/06/02,115030927,5,9,13,14,17,21,30,40,47,49,50,51,54,56,63,64,66,67,71,79
2026/06/02,115030926,3,7,8,13,21,26,29,42,43,45,52,53,55,58,59,68,70,74,76,80
2026/06/02,115030925,2,7,8,16,24,27,33,40,43,44,50,52,58,59,64,66,68,72,77,79
2026/06/02,115030924,5,10,13,16,17,18,20,21,24,26,34,36,40,42,46,48,54,64,65,67
2026/06/02,115030923,4,5,6,10,11,15,16,24,33,45,47,48,49,52,57,60,61,65,74,78
2026/06/02,115030922,6,9,10,11,14,16,19,27,32,34,36,37,45,47,52,54,58,61,62,66
2026/06/02,115030921,1,2,4,6,7,15,20,21,23,24,28,38,39,41,44,48,51,60,65,78
2026/06/02,115030920,4,10,17,18,28,30,33,34,36,38,44,49,50,55,66,67,68,71,73,78
2026/06/02,115030919,1,4,6,19,23,24,25,30,42,44,53,56,57,67,68,69,70,72,78,80
2026/06/02,115030918,3,12,14,16,17,18,25,33,35,38,43,45,46,50,54,66,67,70,71,78
2026/06/02,115030917,1,8,9,10,14,27,30,32,34,35,36,38,43,47,48,49,51,72,73,80
2026/06/02,115030916,3,4,6,9,10,23,27,30,31,32,33,42,44,54,55,64,65,67,77,79
2026/06/02,115030915,4,10,12,14,20,22,27,38,49,51,54,59,60,61,62,70,72,73,74,80
2026/06/02,115030914,3,5,7,8,13,25,26,27,31,33,39,42,49,63,70,71,76,78,79,80
2026/06/02,115030913,2,3,5,11,12,14,20,30,33,37,41,44,46,49,54,61,63,64,68,72
2026/06/02,115030912,4,8,11,13,15,16,21,27,34,38,40,44,46,50,57,67,70,71,74,77
2026/06/02,115030911,3,5,8,17,20,22,25,27,29,32,35,37,38,41,48,56,65,73,74,79
2026/06/02,115030910,5,7,13,16,17,18,20,21,22,27,30,36,39,44,45,48,49,68,70,75
2026/06/02,115030909,2,6,8,10,13,14,24,27,30,32,35,45,50,56,68,71,72,74,75,76
2026/06/02,115030908,6,10,20,22,30,31,36,43,47,60,61,64,66,70,71,73,75,76,78,79
2026/06/02,115030907,1,17,18,23,24,26,35,40,41,46,49,50,54,55,60,67,69,71,77,79
2026/06/02,115030906,4,6,7,8,11,14,26,27,30,40,41,48,52,55,57,59,62,64,68,80
2026/06/02,115030905,4,11,20,23,25,33,36,39,41,48,51,53,54,62,63,69,73,74,76,79
2026/06/02,115030904,2,3,4,9,11,15,22,29,30,33,35,38,42,43,44,48,55,57,73,79
2026/06/02,115030903,6,9,13,14,21,22,26,27,30,31,32,42,46,55,57,61,66,67,68,69
2026/06/02,115030902,4,6,9,11,28,29,35,37,40,42,48,50,52,55,56,57,60,62,64,77
2026/06/02,115030901,1,2,4,5,6,22,23,24,25,30,44,51,53,54,62,64,67,70,75,79
2026/06/02,115030900,3,9,11,17,21,27,28,31,35,39,48,51,53,59,61,64,75,78,79,80
2026/06/02,115030899,1,6,9,12,14,15,24,30,35,36,39,40,52,54,55,61,62,63,70,71
2026/06/02,115030898,11,18,19,22,27,36,37,40,42,43,47,51,59,60,66,67,69,71,74,79
2026/06/02,115030897,1,3,4,9,13,14,16,21,25,34,38,39,47,48,55,56,64,66,70,74
2026/06/02,115030896,3,5,9,13,15,16,21,22,32,35,39,41,44,45,46,63,66,72,73,80
2026/06/02,115030895,3,11,17,20,23,24,30,32,34,35,36,48,51,56,57,59,63,64,73,77
2026/06/02,115030894,3,6,10,12,17,29,30,33,36,41,43,46,49,60,63,65,69,72,75,78
2026/06/02,115030893,1,10,12,13,14,23,24,26,33,40,41,45,46,47,51,64,65,71,75,76
2026/06/02,115030892,1,4,7,9,15,19,23,26,28,30,35,37,39,44,46,53,54,57,71,75
2026/06/02,115030891,6,7,8,9,10,13,17,19,36,37,40,44,46,48,49,58,62,66,75,76
2026/06/02,115030890,10,20,21,36,40,41,44,45,47,52,54,55,64,67,70,72,73,74,75,80
2026/06/02,115030889,1,3,7,9,24,25,34,35,36,37,38,57,58,59,63,70,74,77,78,79
2026/06/02,115030888,3,6,7,8,11,22,24,31,33,48,49,56,58,62,69,71,72,73,77,79
2026/06/02,115030887,2,8,11,17,28,30,34,35,36,41,43,55,56,66,72,74,75,77,79,80
2026/06/02,115030886,2,7,10,12,13,19,20,21,24,27,33,41,42,49,50,59,60,71,77,79
2026/06/02,115030885,2,7,8,14,15,21,22,30,34,44,46,50,54,55,59,60,61,69,76,80
2026/06/02,115030884,3,4,16,21,26,30,31,34,44,47,48,50,54,59,60,65,68,71,72,74
2026/06/02,115030883,1,6,10,13,19,21,24,26,28,37,41,48,55,58,62,67,70,76,78,80
2026/06/02,115030882,2,9,10,14,15,16,17,20,24,33,43,49,51,55,57,58,67,71,74,79
2026/06/02,115030881,4,5,18,25,28,29,31,33,34,37,38,42,45,46,49,52,59,62,68,80
2026/06/02,115030880,1,4,10,14,19,21,27,28,30,38,39,41,50,51,56,59,67,69,73,75
2026/06/02,115030879,1,2,8,12,20,28,32,41,47,51,59,60,61,62,63,66,67,68,72,79
2026/06/02,115030878,1,5,11,17,19,22,23,41,42,43,54,56,59,60,67,69,71,74,76,78
2026/06/02,115030877,2,4,5,7,9,10,17,21,24,30,34,36,38,39,58,64,70,75,77,79
2026/06/02,115030876,2,11,15,17,18,20,21,25,29,36,39,41,49,53,56,61,62,65,74,76
2026/06/02,115030875,3,5,9,10,12,15,20,23,25,31,35,39,40,49,53,60,72,73,77,79
2026/06/02,115030874,1,2,8,10,14,22,25,28,29,31,33,35,38,45,48,49,56,64,71,74
2026/06/02,115030873,5,12,13,14,19,24,26,31,32,34,47,49,56,57,58,59,63,69,72,76
2026/06/02,115030872,3,5,6,9,10,12,14,15,20,25,29,38,46,47,49,59,61,65,67,69
2026/06/02,115030871,5,6,16,20,24,25,26,29,30,31,36,44,47,49,52,67,74,75,79,80
2026/06/02,115030870,2,8,10,12,20,21,22,29,30,31,34,35,46,48,59,60,61,67,69,71
2026/06/02,115030869,1,2,4,13,15,18,20,25,28,39,40,41,43,46,47,59,60,62,64,71
2026/06/02,115030868,2,3,4,5,6,8,10,11,12,40,41,52,62,68,70,73,74,76,77,80
2026/06/02,115030867,2,4,7,11,13,15,23,28,29,35,46,50,54,55,63,65,67,70,74,79
2026/06/02,115030866,1,3,11,19,23,28,36,37,38,47,52,55,57,58,61,63,65,67,72,75
2026/06/02,115030865,1,4,6,12,13,20,26,27,40,47,49,50,51,56,62,64,69,74,79,80
2026/06/02,115030864,2,9,19,24,27,29,33,37,38,43,49,57,61,63,67,72,73,74,76,80
2026/06/02,115030863,1,11,17,25,26,29,31,34,38,40,49,53,55,56,63,66,67,70,71,73
2026/06/02,115030862,2,7,19,23,26,28,30,31,44,45,49,51,52,54,60,70,72,76,77,80
2026/06/02,115030861,1,7,20,23,34,39,42,43,49,51,53,55,57,59,71,72,73,74,78,79
2026/06/02,115030860,1,4,8,13,14,17,32,33,36,41,44,47,53,57,58,69,70,72,73,75
2026/06/02,115030859,1,2,7,9,20,24,35,36,37,38,43,50,51,58,61,63,67,77,78,79
2026/06/02,115030858,2,3,5,13,19,20,21,29,30,31,38,45,46,53,56,57,59,63,68,72
2026/06/02,115030857,3,4,10,15,17,18,22,26,28,34,36,37,42,54,56,57,62,65,70,75
2026/06/01,115030856,6,11,13,15,16,20,25,30,32,33,34,37,39,41,44,49,51,53,56,80
2026/06/01,115030855,8,9,10,18,24,25,30,34,35,42,49,50,60,61,63,65,66,74,77,78
2026/06/01,115030854,1,2,4,6,10,18,20,22,26,30,39,43,49,54,59,69,70,77,79,80
2026/06/01,115030853,7,10,12,14,21,23,27,30,36,42,45,48,55,57,63,69,70,71,74,79
2026/06/01,115030852,1,2,5,8,11,25,28,35,38,40,41,42,44,47,57,64,67,69,70,76
2026/06/01,115030851,1,14,17,18,20,21,23,27,29,38,43,44,45,51,56,59,62,65,69,80
2026/06/01,115030850,2,5,6,8,11,13,16,20,21,26,30,42,45,48,52,54,56,62,65,80
2026/06/01,115030849,3,7,18,25,26,32,33,39,40,41,44,55,57,58,66,68,71,73,74,80
2026/06/01,115030848,3,9,11,12,13,16,30,36,38,44,45,53,55,57,58,62,64,77,78,79
2026/06/01,115030847,1,6,8,20,21,30,32,45,50,53,54,55,59,64,70,74,76,77,78,80
2026/06/01,115030846,1,2,6,24,26,27,29,39,47,48,50,52,54,56,70,73,76,77,78,80
2026/06/01,115030845,2,5,6,7,8,9,17,22,30,40,41,44,47,52,55,58,59,65,67,68
2026/06/01,115030844,5,14,17,20,22,25,26,27,32,34,35,40,41,43,49,51,54,57,62,69
2026/06/01,115030843,1,3,8,11,15,19,22,25,28,36,45,46,49,50,52,55,58,62,72,73
2026/06/01,115030842,1,7,10,15,26,29,30,33,35,36,41,45,48,58,62,67,68,71,72,79
2026/06/01,115030841,1,2,3,4,16,20,23,25,30,38,43,46,48,50,54,61,71,74,78,79
2026/06/01,115030840,2,5,6,31,32,36,37,44,47,52,53,56,58,61,62,66,67,71,72,80
2026/06/01,115030839,3,6,8,14,15,16,19,22,23,26,38,41,42,46,53,54,56,60,66,78
2026/06/01,115030838,3,7,8,9,14,17,25,39,40,41,43,45,50,53,56,60,62,69,71,79
2026/06/01,115030837,1,2,3,7,14,16,17,18,20,22,37,40,50,57,60,63,64,66,68,76
2026/06/01,115030836,7,8,9,10,11,13,18,20,21,24,26,29,31,33,34,37,59,62,68,76
2026/06/01,115030835,2,12,18,19,20,25,27,30,32,43,48,52,58,60,61,63,68,73,74,75
2026/06/01,115030834,1,2,3,4,7,11,14,23,25,41,42,43,44,46,49,56,63,72,78,79
2026/06/01,115030833,9,13,17,19,23,32,35,37,45,47,49,54,56,64,67,69,73,74,76,79
2026/06/01,115030832,5,7,12,18,20,23,29,34,44,47,50,53,54,57,59,64,68,70,78,79
2026/06/01,115030831,2,3,6,10,12,13,14,16,18,21,38,39,41,42,58,60,61,73,77,78
2026/06/01,115030830,1,2,6,18,19,31,35,40,43,48,49,51,64,67,68,69,73,75,79,80
2026/06/01,115030829,4,6,7,12,18,29,36,38,40,41,48,52,55,64,65,67,72,76,78,80
2026/06/01,115030828,2,4,7,24,26,27,29,32,38,41,47,49,50,52,55,57,63,66,69,76
2026/06/01,115030827,12,14,16,22,23,26,28,31,33,35,37,38,39,41,48,56,57,60,68,70
2026/06/01,115030826,1,2,5,9,15,25,26,30,32,41,53,55,58,59,60,64,70,71,73,78
2026/06/01,115030825,4,7,17,19,23,28,33,38,43,51,53,54,57,61,64,67,72,75,76,79
2026/06/01,115030824,1,3,4,9,17,23,24,26,27,35,37,39,40,44,48,52,57,71,74,79
2026/06/01,115030823,14,16,23,35,36,40,49,50,54,57,59,61,62,63,64,71,72,74,78,80
2026/06/01,115030822,2,4,10,17,18,19,30,33,34,35,36,37,41,49,51,54,61,62,73,76
2026/06/01,115030821,7,15,19,25,30,32,33,36,37,39,42,46,47,48,49,53,62,68,74,78
2026/06/01,115030820,2,6,9,10,11,13,14,20,22,23,30,33,36,39,44,47,52,59,73,76
2026/06/01,115030819,3,5,9,11,14,21,25,28,29,31,34,36,37,38,41,46,49,59,64,80
2026/06/01,115030818,1,17,18,27,28,29,30,36,38,45,51,54,55,58,71,73,77,78,79,80
2026/06/01,115030817,3,11,18,21,28,29,32,36,37,44,50,58,60,62,64,69,71,72,78,79
2026/06/01,115030816,3,11,15,16,20,21,24,26,28,33,37,41,42,47,59,63,66,69,72,78
2026/06/01,115030815,3,4,5,6,7,14,19,22,25,32,38,39,42,43,47,52,64,66,67,78
2026/06/01,115030814,3,10,13,16,18,19,21,27,29,33,35,38,39,40,50,54,56,66,74,76
2026/06/01,115030813,8,13,15,19,20,22,25,31,38,41,45,46,53,55,56,59,61,64,68,80
2026/06/01,115030812,2,14,15,16,23,25,29,32,37,44,47,49,58,59,64,68,69,71,73,79
2026/06/01,115030811,7,13,19,22,23,30,31,42,50,53,54,55,60,61,67,68,74,75,76,80
2026/06/01,115030810,2,5,11,12,13,22,25,30,33,34,49,52,55,56,58,63,68,72,74,79
2026/06/01,115030809,1,2,5,6,10,15,24,28,32,34,41,43,63,66,67,68,69,70,71,77
2026/06/01,115030808,1,2,5,10,12,16,20,27,30,33,37,43,55,59,62,63,64,69,73,77
2026/06/01,115030807,2,4,7,8,10,14,15,19,29,31,37,41,44,49,55,57,61,67,70,77
2026/06/01,115030806,9,17,26,28,29,31,32,37,40,44,46,51,55,57,59,63,67,70,71,73
2026/06/01,115030805,1,14,18,19,25,31,39,41,43,56,57,60,63,65,66,70,71,72,75,78
2026/06/01,115030804,3,5,7,11,14,16,17,19,33,34,39,45,47,59,62,65,66,67,68,79
2026/06/01,115030803,1,3,4,13,14,15,16,18,29,32,33,37,44,49,56,57,62,67,69,79
2026/06/01,115030802,2,3,4,5,6,10,21,22,25,27,37,42,45,48,49,55,57,76,77,79
2026/06/01,115030801,2,3,5,8,11,17,18,24,30,34,38,55,56,57,62,63,66,74,77,80
2026/06/01,115030800,4,14,22,28,29,39,42,45,48,49,54,56,58,59,61,66,68,69,74,77
2026/06/01,115030799,1,6,8,11,13,18,23,24,33,43,46,47,51,53,64,69,71,73,74,75
2026/06/01,115030798,9,15,17,18,19,20,25,33,36,43,46,52,53,62,65,66,68,70,73,79
2026/06/01,115030797,7,11,15,19,20,23,27,28,33,44,48,51,52,53,61,65,66,67,72,77
2026/06/01,115030796,3,6,18,20,21,29,30,32,41,42,47,51,57,61,69,70,72,74,76,80
2026/06/01,115030795,3,5,8,9,11,25,26,27,28,31,35,46,50,53,54,60,64,68,69,77
2026/06/01,115030794,1,3,6,9,12,13,16,18,19,25,26,31,33,41,55,56,61,64,71,80
2026/06/01,115030793,1,15,16,17,19,23,24,28,33,35,38,39,41,47,48,60,67,68,72,75
2026/06/01,115030792,1,6,8,11,13,18,19,20,21,22,24,27,28,29,39,42,53,58,59,78
2026/06/01,115030791,5,10,18,20,21,27,29,42,47,49,50,55,56,57,60,69,71,73,75,79
2026/06/01,115030790,7,10,11,12,18,19,24,27,28,33,37,39,40,41,42,44,52,57,60,73
2026/06/01,115030789,1,3,10,13,19,22,24,28,29,31,44,45,46,47,48,51,58,62,67,71
2026/06/01,115030788,2,8,10,11,16,20,22,23,39,43,49,50,52,53,63,65,66,69,70,76
2026/06/01,115030787,1,3,4,8,11,17,19,23,33,49,50,54,56,59,60,68,71,75,76,80
2026/06/01,115030786,2,8,10,14,19,31,33,39,40,43,50,56,61,66,68,71,73,77,79,80
2026/06/01,115030785,1,5,6,9,10,17,18,21,24,27,33,36,37,41,47,54,57,69,71,80
2026/06/01,115030784,1,5,14,24,27,29,30,32,34,38,39,41,44,45,49,51,56,74,75,77
2026/06/01,115030783,2,4,8,9,10,11,14,17,19,27,30,35,38,43,46,52,63,69,71,78
2026/06/01,115030782,5,6,8,9,17,25,26,33,46,47,48,55,60,63,65,66,69,72,76,77
2026/06/01,115030781,4,8,9,12,27,29,42,45,57,58,59,60,63,65,70,71,73,74,79,80
2026/06/01,115030780,2,5,7,8,10,13,14,18,31,41,45,49,51,52,66,71,74,75,76,80
2026/06/01,115030779,11,20,23,26,30,31,32,36,40,44,47,48,50,57,58,62,65,69,74,80
2026/06/01,115030778,2,5,7,22,24,25,26,29,32,37,40,42,53,54,55,57,59,67,75,77
2026/06/01,115030777,17,27,28,32,34,37,38,45,47,49,50,53,54,57,58,65,68,71,72,76
2026/06/01,115030776,5,7,8,15,22,27,31,32,33,34,39,45,48,59,60,65,71,73,76,78
2026/06/01,115030775,2,10,11,15,23,27,31,32,34,37,41,43,46,50,57,58,70,71,77,78
2026/06/01,115030774,1,4,11,20,21,22,26,36,44,50,54,57,58,62,64,65,69,72,77,80
2026/06/01,115030773,3,4,5,6,9,10,14,15,17,23,26,36,46,47,55,58,66,67,71,80
2026/06/01,115030772,7,14,18,19,20,21,23,26,33,36,38,40,44,46,50,59,61,75,76,77
2026/06/01,115030771,4,10,13,18,27,32,33,34,38,39,48,51,60,68,69,70,75,76,77,80
2026/06/01,115030770,3,4,8,10,13,14,24,25,29,31,39,41,43,51,57,59,61,67,75,77
2026/06/01,115030769,3,4,10,11,16,17,18,36,43,44,45,50,57,58,59,67,73,74,75,79
2026/06/01,115030768,5,6,11,13,17,18,24,25,28,36,37,38,42,44,49,51,53,57,66,72
2026/06/01,115030767,7,10,21,22,28,29,30,37,38,39,42,46,55,57,59,61,62,65,70,76
2026/06/01,115030766,1,6,11,16,18,20,26,29,30,38,40,41,44,45,47,53,60,62,70,71
2026/06/01,115030765,2,8,13,20,35,37,38,45,48,51,52,53,56,64,66,68,69,75,78,79
2026/06/01,115030764,7,8,9,18,20,22,23,26,32,38,46,50,57,58,66,67,71,72,73,77
2026/06/01,115030763,1,3,6,10,14,17,19,23,30,36,37,39,40,42,44,46,53,59,67,73
2026/06/01,115030762,4,14,16,18,19,21,23,24,28,31,34,43,53,57,60,62,67,68,75,80
2026/06/01,115030761,7,9,11,12,13,16,17,19,22,27,36,38,40,50,54,56,57,58,72,79
2026/06/01,115030760,2,5,12,15,22,26,32,34,38,39,47,53,57,60,62,64,65,71,75,77
2026/06/01,115030759,2,11,14,17,20,24,26,28,29,35,41,44,60,63,65,66,71,72,73,74
2026/06/01,115030758,6,15,17,26,27,32,40,41,53,54,55,60,61,62,63,64,72,73,79,80
2026/06/01,115030757,11,12,14,21,23,24,26,27,33,34,42,45,46,53,56,58,64,72,73,78
2026/06/01,115030756,1,6,8,11,13,14,23,32,36,38,42,43,46,51,52,60,64,71,76,77
2026/06/01,115030755,3,4,10,27,28,32,35,42,44,54,56,58,59,63,66,67,71,73,75,76
2026/06/01,115030754,4,6,8,9,10,17,20,21,23,24,30,31,37,46,51,58,61,65,68,69
2026/06/01,115030753,4,5,10,11,20,24,32,37,38,42,44,45,46,47,53,61,62,72,73,79
2026/06/01,115030752,2,3,6,12,14,19,23,26,27,36,37,39,42,49,54,63,66,71,74,77
2026/06/01,115030751,9,12,15,18,28,34,35,37,39,50,55,58,59,63,65,67,70,71,72,75
2026/06/01,115030750,13,21,23,24,25,34,35,37,38,40,42,45,56,57,59,61,64,70,77,78
2026/06/01,115030749,3,4,5,6,10,16,25,33,39,41,42,46,48,50,54,63,64,70,72,76
2026/06/01,115030748,4,12,14,19,25,26,27,28,29,30,32,35,40,57,58,60,61,63,71,72
2026/06/01,115030747,3,4,6,8,17,27,28,29,32,35,38,41,46,50,54,58,60,63,71,75
2026/06/01,115030746,2,3,4,8,9,10,13,26,28,30,34,36,38,41,53,56,61,71,74,79
2026/06/01,115030745,4,7,15,17,19,21,30,33,37,38,39,41,43,44,47,57,58,59,62,63
2026/06/01,115030744,2,6,7,15,23,24,26,34,35,40,41,48,49,53,55,56,67,69,71,75
2026/06/01,115030743,6,8,9,15,16,19,22,28,29,32,33,34,42,44,49,50,51,60,74,80
2026/06/01,115030742,2,10,12,16,18,20,22,23,29,34,35,45,48,55,57,59,64,68,72,76
2026/06/01,115030741,3,11,12,15,16,22,30,32,34,36,39,48,50,57,65,69,70,71,73,76
2026/06/01,115030740,9,10,14,15,25,29,37,38,40,46,50,53,54,59,60,64,65,67,69,78
2026/06/01,115030739,2,4,7,10,12,27,36,37,43,45,49,50,53,64,68,71,72,75,78,79
2026/06/01,115030738,2,12,13,15,17,19,21,24,31,34,36,38,48,49,50,63,64,66,68,76
2026/06/01,115030737,18,24,25,26,27,34,42,43,45,47,54,55,58,59,65,70,73,74,75,76
2026/06/01,115030736,2,8,10,14,15,16,20,21,22,29,41,46,56,62,71,75,76,78,79,80
2026/06/01,115030735,14,17,18,19,24,26,28,31,34,37,46,49,51,53,54,61,68,72,73,80
2026/06/01,115030734,7,15,16,18,20,22,25,30,33,38,47,63,65,68,69,72,73,75,78,80
2026/06/01,115030733,10,11,14,16,21,24,26,32,38,39,46,47,63,64,65,69,70,72,73,76
2026/06/01,115030732,3,14,23,28,33,39,40,42,48,49,51,56,63,67,68,71,72,74,75,77
2026/06/01,115030731,2,4,11,16,18,21,25,26,30,33,34,38,40,41,42,47,51,61,73,74
2026/06/01,115030730,5,9,16,27,31,35,38,39,43,45,46,47,49,50,52,63,65,72,75,79
2026/06/01,115030729,1,3,7,12,14,16,19,36,38,41,43,46,47,49,57,64,65,70,71,77
2026/06/01,115030728,1,8,9,12,18,21,22,24,26,27,30,32,35,36,37,45,54,61,69,76
2026/06/01,115030727,11,12,18,20,23,30,34,37,41,54,57,58,59,62,70,73,74,75,77,80
2026/06/01,115030726,1,5,6,14,19,25,37,38,41,42,43,44,45,54,55,62,67,71,73,76
2026/06/01,115030725,1,12,14,21,28,30,35,39,47,48,49,51,56,57,60,63,65,67,77,79
2026/06/01,115030724,6,10,18,19,26,28,34,35,39,40,49,50,52,54,59,68,70,71,72,77
2026/06/01,115030723,2,6,8,9,10,11,13,26,30,42,48,52,54,60,62,66,69,74,76,77
2026/06/01,115030722,3,5,7,18,20,35,39,43,44,47,52,53,61,62,64,67,70,71,72,79
2026/06/01,115030721,4,5,12,16,19,21,23,24,25,40,42,50,51,52,55,57,62,71,76,80
2026/06/01,115030720,7,8,11,22,23,27,31,35,37,43,49,50,51,52,60,68,70,71,73,79
2026/06/01,115030719,7,9,11,12,14,20,24,26,35,39,40,50,51,56,61,62,64,73,75,79
2026/06/01,115030718,3,4,6,12,16,23,24,28,30,33,35,40,49,53,55,59,61,64,70,80
2026/06/01,115030717,4,6,10,12,20,23,27,29,33,35,36,43,50,52,54,63,65,72,73,78
2026/06/01,115030716,4,10,11,14,16,18,20,25,35,38,44,45,47,55,58,62,67,69,74,77
2026/06/01,115030715,1,2,4,5,15,24,32,36,41,45,54,59,62,66,68,70,73,74,76,77
2026/06/01,115030714,2,8,11,13,19,28,31,34,35,43,48,53,56,65,67,68,69,71,72,80
2026/06/01,115030713,3,14,15,19,20,26,29,30,31,32,42,43,47,56,57,59,61,65,69,74
2026/06/01,115030712,1,2,6,9,10,11,15,18,33,34,40,42,45,47,50,53,61,66,70,80
2026/06/01,115030711,1,3,5,10,13,18,24,26,28,35,49,50,51,55,58,61,64,66,73,79
2026/06/01,115030710,1,2,4,6,12,14,20,23,27,32,47,48,51,54,63,66,69,78,79,80
2026/06/01,115030709,3,5,9,10,16,21,27,28,32,34,37,43,48,55,59,63,71,73,77,80
2026/06/01,115030708,6,7,10,13,14,19,25,28,32,33,42,44,46,52,56,66,69,76,77,78
2026/06/01,115030707,8,10,11,14,18,20,30,39,42,48,57,58,60,68,69,70,71,72,75,79
2026/06/01,115030706,2,5,20,25,36,37,38,40,41,42,48,49,50,53,55,56,68,73,75,79
2026/06/01,115030705,1,4,5,15,18,22,24,28,32,34,43,45,47,48,57,62,70,72,74,78
2026/06/01,115030704,1,3,10,12,13,16,18,24,25,30,33,37,49,51,64,66,67,70,77,78
2026/06/01,115030703,1,2,5,8,11,12,14,28,29,39,44,47,51,57,62,65,66,70,72,75
2026/06/01,115030702,1,4,8,14,15,20,22,27,29,35,38,40,43,45,46,48,49,51,52,74
2026/06/01,115030701,4,6,12,25,30,31,35,37,42,47,50,52,56,62,65,68,71,78,79,80
2026/06/01,115030700,2,5,6,10,15,19,20,21,22,26,28,33,40,45,50,56,63,69,73,80
2026/06/01,115030699,11,13,15,25,28,44,45,47,48,52,56,59,60,63,64,65,67,71,76,78
2026/06/01,115030698,6,9,11,16,17,19,27,31,33,43,46,47,49,57,59,62,65,70,71,79
2026/06/01,115030697,12,19,22,27,32,33,36,46,47,50,54,55,58,62,63,67,69,70,72,73
2026/06/01,115030696,1,2,12,14,20,25,26,30,33,34,37,43,44,51,53,55,67,69,76,78
2026/06/01,115030695,6,8,10,18,20,24,33,41,44,46,49,50,59,60,63,64,67,71,73,78
2026/06/01,115030694,4,6,8,9,11,13,16,20,21,23,25,31,32,38,45,48,51,57,68,76
2026/06/01,115030693,11,13,16,17,21,23,24,38,41,44,49,50,52,63,65,66,68,69,78,80
2026/06/01,115030692,9,13,14,19,25,31,41,43,48,57,60,61,63,67,69,71,72,75,76,79
2026/06/01,115030691,5,9,12,16,19,28,29,31,33,34,35,36,37,42,45,50,57,68,73,75
2026/06/01,115030690,1,4,12,13,17,20,23,26,27,32,36,37,48,51,52,59,61,65,68,79
2026/06/01,115030689,2,3,9,10,12,14,16,18,20,21,32,33,36,38,43,61,68,75,77,78
2026/06/01,115030688,2,5,15,16,18,26,31,36,37,43,46,53,54,55,64,67,69,71,75,78
2026/06/01,115030687,12,15,19,21,27,42,43,46,47,53,56,62,64,67,68,69,70,78,79,80
2026/06/01,115030686,3,4,8,9,18,30,31,36,37,39,40,45,46,52,58,64,66,71,72,80
2026/06/01,115030685,1,4,6,7,9,16,18,19,23,25,30,34,38,41,46,53,57,70,73,77
2026/06/01,115030684,4,6,7,8,20,21,27,29,30,41,42,43,45,54,59,65,70,71,77,78
2026/06/01,115030683,1,3,7,8,10,11,16,22,26,36,37,38,43,47,49,56,68,69,71,73
2026/06/01,115030682,14,15,16,23,24,28,30,32,33,46,47,50,53,54,58,67,71,73,75,76
2026/06/01,115030681,2,4,5,7,9,14,23,24,30,35,38,42,45,56,57,59,67,68,70,76
2026/06/01,115030680,2,5,13,15,17,23,27,30,32,33,39,41,50,51,54,55,61,66,68,80
2026/06/01,115030679,5,9,10,12,16,19,27,28,29,45,52,58,59,68,70,71,72,74,76,79
2026/06/01,115030678,3,4,5,10,13,25,28,30,36,37,50,51,58,64,69,71,75,76,78,80
2026/06/01,115030677,2,4,8,12,13,15,18,20,26,28,30,43,45,46,61,63,66,67,72,80
2026/06/01,115030676,6,10,17,20,21,24,28,30,36,37,51,55,62,63,67,69,72,74,75,77
2026/06/01,115030675,3,5,7,8,11,16,21,23,24,26,29,32,33,38,41,58,59,64,69,77
2026/06/01,115030674,4,11,12,17,20,24,36,42,44,46,52,60,62,63,65,67,68,73,76,79
2026/06/01,115030673,1,5,9,20,28,30,32,37,40,46,53,55,56,57,64,65,67,68,72,79
2026/06/01,115030672,2,3,4,5,11,14,17,25,29,31,38,39,49,53,56,59,60,64,70,77
2026/06/01,115030671,2,5,6,12,14,16,20,21,22,26,31,45,47,49,51,59,69,72,74,78
2026/06/01,115030670,4,7,8,15,16,19,30,32,37,39,47,52,65,67,69,72,76,77,78,79
2026/06/01,115030669,10,15,16,20,24,27,28,31,35,40,43,46,48,54,59,60,65,68,73,80
2026/06/01,115030668,17,24,27,31,32,36,53,56,58,59,62,67,68,69,70,72,73,75,77,80
2026/06/01,115030667,3,5,9,11,13,17,19,22,24,27,39,52,53,54,56,57,63,67,75,76
2026/06/01,115030666,2,14,19,20,23,26,34,43,44,45,51,53,61,64,70,71,72,75,76,77
2026/06/01,115030665,2,3,4,5,8,11,14,15,25,27,29,31,38,39,45,56,67,69,74,75
2026/06/01,115030664,2,3,17,18,20,25,28,30,31,33,36,46,47,50,57,62,63,64,66,77
2026/06/01,115030663,6,8,13,14,19,30,38,39,40,43,47,51,53,54,56,58,62,65,70,75
2026/06/01,115030662,1,2,5,16,18,23,24,34,38,39,43,46,49,52,57,60,62,70,73,74
2026/06/01,115030661,2,6,7,8,13,21,23,25,35,39,46,48,55,56,60,62,65,66,75,77
2026/06/01,115030660,3,4,9,15,22,23,37,40,47,49,53,55,56,61,64,65,66,68,73,77
2026/06/01,115030659,5,6,8,11,24,27,29,32,33,35,37,38,39,43,53,56,61,63,77,78
2026/06/01,115030658,2,6,7,8,12,16,22,24,25,28,30,32,40,45,52,56,62,70,75,78
2026/06/01,115030657,2,6,8,13,14,20,24,30,32,35,36,45,49,50,58,62,67,75,78,80
2026/06/01,115030656,1,11,15,19,30,31,32,33,35,46,49,50,58,60,61,64,70,71,73,79
2026/06/01,115030655,2,5,10,13,14,20,29,36,41,43,49,50,51,52,53,58,65,71,72,75
2026/06/01,115030654,1,2,10,19,21,26,30,31,32,38,41,42,43,46,49,50,52,63,69,78
